{
    "RNN_VAE": {
        "MIN": 237.28312040522354,
        "AVG": 433.70811763959625
    },
    "timeGAN": {
        "MIN": 277.93371046994713,
        "AVG": 651.6637787059315
    },
    "CGAN": {
        "MIN": 397.62374060283526,
        "AVG": 690.7110093035661
    },
    "cBetaVAE": {
        "MIN": 273.62618991026534,
        "AVG": 422.10292017326884
    }
}