{
    "MIN": {
        "SYNTHETIC_RNN_VAE": 237.28312040522354,
        "SYNTHETIC_timeGAN": 277.93371046994713,
        "SYNTHETIC_CGAN": 397.62374060283526,
        "SYNTHETIC_cBetaVAE": 273.62618991026534
    },
    "AVG": {
        "SYNTHETIC_RNN_VAE": 433.70811763959625,
        "SYNTHETIC_timeGAN": 651.6637787059315,
        "SYNTHETIC_CGAN": 690.7110093035661,
        "SYNTHETIC_cBetaVAE": 422.10292017326884
    }
}