{
    "RNN_VAE": {
        "MIN": 0.7478604817381789,
        "AVG": 0.7897747272400012
    },
    "timeGAN": {
        "MIN": 2.063955218981591,
        "AVG": 2.3933836573674676
    },
    "CGAN": {
        "MIN": 1.436043059243358,
        "AVG": 1.7779382145758102
    },
    "cBetaVAE": {
        "MIN": 0.9688456614780879,
        "AVG": 1.1255728715644069
    }
}