{
    "MIN": {
        "SYNTHETIC_RNN_VAE": 0.7478604817381789,
        "SYNTHETIC_timeGAN": 2.063955218981591,
        "SYNTHETIC_CGAN": 1.436043059243358,
        "SYNTHETIC_cBetaVAE": 0.9688456614780879
    },
    "AVG": {
        "SYNTHETIC_RNN_VAE": 0.7897747272400012,
        "SYNTHETIC_timeGAN": 2.3933836573674676,
        "SYNTHETIC_CGAN": 1.7779382145758102,
        "SYNTHETIC_cBetaVAE": 1.1255728715644069
    }
}