{
    "REAL": {
        "REAL": {
            "TSForest": {
                "Accuracy": 1.0,
                "F1-Score": 1.0,
                "AUC": 1.0
            },
            "MultiROCKET": {
                "Accuracy": 1.0,
                "F1-Score": 1.0,
                "AUC": 1.0
            },
            "MiniROCKET": {
                "Accuracy": 1.0,
                "F1-Score": 1.0,
                "AUC": 1.0
            }
        }
    },
    "RNN_VAE": {
        "SYNTHETIC": {
            "TSForest": {
                "Accuracy": 0.8214285714285714,
                "F1-Score": 0.8212005108556832,
                "AUC": 0.823076923076923
            },
            "MultiROCKET": {
                "Accuracy": 0.8928571428571429,
                "F1-Score": 0.89272030651341,
                "AUC": 0.9
            },
            "MiniROCKET": {
                "Accuracy": 0.8928571428571429,
                "F1-Score": 0.89272030651341,
                "AUC": 0.9
            }
        }
    },
    "timeGAN": {
        "SYNTHETIC": {
            "TSForest": {
                "Accuracy": 0.7142857142857143,
                "F1-Score": 0.7083333333333333,
                "AUC": 0.7282051282051283
            },
            "MultiROCKET": {
                "Accuracy": 0.7857142857142857,
                "F1-Score": 0.7846153846153847,
                "AUC": 0.7948717948717949
            },
            "MiniROCKET": {
                "Accuracy": 0.7857142857142857,
                "F1-Score": 0.7846153846153847,
                "AUC": 0.7948717948717949
            }
        }
    },
    "CGAN": {
        "SYNTHETIC": {
            "TSForest": {
                "Accuracy": 0.9285714285714286,
                "F1-Score": 0.9282051282051282,
                "AUC": 0.9282051282051282
            },
            "MultiROCKET": {
                "Accuracy": 0.6785714285714286,
                "F1-Score": 0.6571428571428571,
                "AUC": 0.7
            },
            "MiniROCKET": {
                "Accuracy": 0.9642857142857143,
                "F1-Score": 0.9642401021711366,
                "AUC": 0.9666666666666667
            }
        }
    },
    "cBetaVAE": {
        "SYNTHETIC": {
            "TSForest": {
                "Accuracy": 0.8928571428571429,
                "F1-Score": 0.89272030651341,
                "AUC": 0.9
            },
            "MultiROCKET": {
                "Accuracy": 0.8928571428571429,
                "F1-Score": 0.8893280632411067,
                "AUC": 0.8846153846153846
            },
            "MiniROCKET": {
                "Accuracy": 0.8928571428571429,
                "F1-Score": 0.89272030651341,
                "AUC": 0.9
            }
        }
    }
}