{
    "REAL_avg": 1.0,
    "SYNTHETIC_RNN_VAE": 0.8690476190476191,
    "SYNTHETIC_timeGAN": 0.7619047619047619,
    "SYNTHETIC_CGAN": 0.8571428571428572,
    "SYNTHETIC_cBetaVAE": 0.8928571428571429
}