{
    "RNN_VAE": {
        "MIN": 0.30340123227873267,
        "AVG": 0.6050503642458345
    },
    "timeGAN": {
        "MIN": 0.8775230893655596,
        "AVG": 0.9275199302095096
    },
    "CGAN": {
        "MIN": 0.8286455029701573,
        "AVG": 0.9542988851056483
    },
    "cBetaVAE": {
        "MIN": 0.871164589802637,
        "AVG": 0.95522922185888
    }
}