{
    "MIN": {
        "SYNTHETIC_RNN_VAE": 0.30340123227873267,
        "SYNTHETIC_timeGAN": 0.8775230893655596,
        "SYNTHETIC_CGAN": 0.8286455029701573,
        "SYNTHETIC_cBetaVAE": 0.871164589802637
    },
    "AVG": {
        "SYNTHETIC_RNN_VAE": 0.6050503642458345,
        "SYNTHETIC_timeGAN": 0.9275199302095096,
        "SYNTHETIC_CGAN": 0.9542988851056483,
        "SYNTHETIC_cBetaVAE": 0.95522922185888
    }
}