{
    "RNN_VAE": {
        "MIN": 2.384382143163323,
        "AVG": 3.025878825522611
    },
    "timeGAN": {
        "MIN": 5.666325247377702,
        "AVG": 5.700331654766544
    },
    "CGAN": {
        "MIN": 5.083084361296994,
        "AVG": 8.013819500227319
    },
    "cBetaVAE": {
        "MIN": 2.9786220236811762,
        "AVG": 3.289734208948668
    }
}