{
    "MIN": {
        "SYNTHETIC_RNN_VAE": 2.384382143163323,
        "SYNTHETIC_timeGAN": 5.666325247377702,
        "SYNTHETIC_CGAN": 5.083084361296994,
        "SYNTHETIC_cBetaVAE": 2.9786220236811762
    },
    "AVG": {
        "SYNTHETIC_RNN_VAE": 3.025878825522611,
        "SYNTHETIC_timeGAN": 5.700331654766544,
        "SYNTHETIC_CGAN": 8.013819500227319,
        "SYNTHETIC_cBetaVAE": 3.289734208948668
    }
}