{
    "REAL": {
        "REAL": {
            "TSForest": {
                "Accuracy": 0.9533333333333334,
                "F1-Score": 0.9533146591970121,
                "AUC": 0.9537695590327169
            },
            "MultiROCKET": {
                "Accuracy": 0.9933333333333333,
                "F1-Score": 0.9933330370238678,
                "AUC": 0.993421052631579
            },
            "MiniROCKET": {
                "Accuracy": 1.0,
                "F1-Score": 1.0,
                "AUC": 1.0
            }
        }
    },
    "RNN_VAE": {
        "SYNTHETIC": {
            "TSForest": {
                "Accuracy": 0.6,
                "F1-Score": 0.5352199958686222,
                "AUC": 0.5951280227596017
            },
            "MultiROCKET": {
                "Accuracy": 0.5066666666666667,
                "F1-Score": 0.358974358974359,
                "AUC": 0.5131578947368421
            },
            "MiniROCKET": {
                "Accuracy": 0.7133333333333334,
                "F1-Score": 0.684981684981685,
                "AUC": 0.7094594594594594
            }
        }
    },
    "timeGAN": {
        "SYNTHETIC": {
            "TSForest": {
                "Accuracy": 0.5733333333333334,
                "F1-Score": 0.5621237000547346,
                "AUC": 0.5755689900426743
            },
            "MultiROCKET": {
                "Accuracy": 0.49333333333333335,
                "F1-Score": 0.33035714285714285,
                "AUC": 0.5
            },
            "MiniROCKET": {
                "Accuracy": 0.49333333333333335,
                "F1-Score": 0.33035714285714285,
                "AUC": 0.5
            }
        }
    },
    "CGAN": {
        "SYNTHETIC": {
            "TSForest": {
                "Accuracy": 0.5333333333333333,
                "F1-Score": 0.3936243936243936,
                "AUC": 0.527027027027027
            },
            "MultiROCKET": {
                "Accuracy": 0.5066666666666667,
                "F1-Score": 0.336283185840708,
                "AUC": 0.5
            },
            "MiniROCKET": {
                "Accuracy": 0.5666666666666667,
                "F1-Score": 0.4586641496863028,
                "AUC": 0.5608108108108109
            }
        }
    },
    "cBetaVAE": {
        "SYNTHETIC": {
            "TSForest": {
                "Accuracy": 0.6133333333333333,
                "F1-Score": 0.6063348416289593,
                "AUC": 0.6116642958748222
            },
            "MultiROCKET": {
                "Accuracy": 0.4,
                "F1-Score": 0.30282999380293324,
                "AUC": 0.405049786628734
            },
            "MiniROCKET": {
                "Accuracy": 0.54,
                "F1-Score": 0.5399795546468732,
                "AUC": 0.5400071123755334
            }
        }
    }
}