{
    "REAL_avg": 0.9822222222222222,
    "SYNTHETIC_RNN_VAE": 0.6066666666666667,
    "SYNTHETIC_timeGAN": 0.52,
    "SYNTHETIC_CGAN": 0.5355555555555556,
    "SYNTHETIC_cBetaVAE": 0.5177777777777778
}