{
    "REAL": {
        "REAL": {
            "TSForest": {
                "Accuracy": 0.9933333333333333,
                "F1-Score": 0.9933326665999934,
                "AUC": 0.9933333333333333
            },
            "MultiROCKET": {
                "Accuracy": 0.9533333333333334,
                "F1-Score": 0.9535583464154893,
                "AUC": 0.9533333333333333
            },
            "MiniROCKET": {
                "Accuracy": 0.94,
                "F1-Score": 0.9400613394672801,
                "AUC": 0.9400000000000001
            }
        }
    },
    "RNN_VAE": {
        "SYNTHETIC": {
            "TSForest": {
                "Accuracy": 0.62,
                "F1-Score": 0.5495737340564927,
                "AUC": 0.62
            },
            "MultiROCKET": {
                "Accuracy": 0.4066666666666667,
                "F1-Score": 0.30423180533474653,
                "AUC": 0.4066666666666667
            },
            "MiniROCKET": {
                "Accuracy": 0.6133333333333333,
                "F1-Score": 0.5881348245284473,
                "AUC": 0.6133333333333333
            }
        }
    },
    "timeGAN": {
        "SYNTHETIC": {
            "TSForest": {
                "Accuracy": 0.66,
                "F1-Score": 0.6426285675129338,
                "AUC": 0.66
            },
            "MultiROCKET": {
                "Accuracy": 0.3333333333333333,
                "F1-Score": 0.16666666666666666,
                "AUC": 0.3333333333333333
            },
            "MiniROCKET": {
                "Accuracy": 0.34,
                "F1-Score": 0.18117068117068116,
                "AUC": 0.34
            }
        }
    },
    "CGAN": {
        "SYNTHETIC": {
            "TSForest": {
                "Accuracy": 0.8266666666666667,
                "F1-Score": 0.8066028410855998,
                "AUC": 0.8266666666666667
            },
            "MultiROCKET": {
                "Accuracy": 0.8133333333333334,
                "F1-Score": 0.810259136574926,
                "AUC": 0.8133333333333334
            },
            "MiniROCKET": {
                "Accuracy": 0.8,
                "F1-Score": 0.7957641803951208,
                "AUC": 0.7999999999999999
            }
        }
    },
    "cBetaVAE": {
        "SYNTHETIC": {
            "TSForest": {
                "Accuracy": 0.7933333333333333,
                "F1-Score": 0.7766798753640859,
                "AUC": 0.7933333333333333
            },
            "MultiROCKET": {
                "Accuracy": 0.5666666666666667,
                "F1-Score": 0.5170493940150317,
                "AUC": 0.5666666666666667
            },
            "MiniROCKET": {
                "Accuracy": 0.6133333333333333,
                "F1-Score": 0.6181305174668007,
                "AUC": 0.6133333333333334
            }
        }
    }
}