{
    "REAL_avg": 0.9622222222222222,
    "SYNTHETIC_RNN_VAE": 0.5466666666666666,
    "SYNTHETIC_timeGAN": 0.4444444444444445,
    "SYNTHETIC_CGAN": 0.8133333333333335,
    "SYNTHETIC_cBetaVAE": 0.6577777777777777
}