{
    "RNN_VAE": {
        "MIN": 0.7607286323217193,
        "AVG": 1.1689772986974547
    },
    "timeGAN": {
        "MIN": 0.7701004890844411,
        "AVG": 1.9702394990543735
    },
    "CGAN": {
        "MIN": 1.1439487454298716,
        "AVG": 1.759740750150593
    },
    "cBetaVAE": {
        "MIN": 4.019634827880176,
        "AVG": 4.760180286407069
    }
}