{
    "MIN": {
        "SYNTHETIC_RNN_VAE": 0.7607286323217193,
        "SYNTHETIC_timeGAN": 0.7701004890844411,
        "SYNTHETIC_CGAN": 1.1439487454298716,
        "SYNTHETIC_cBetaVAE": 4.019634827880176
    },
    "AVG": {
        "SYNTHETIC_RNN_VAE": 1.1689772986974547,
        "SYNTHETIC_timeGAN": 1.9702394990543735,
        "SYNTHETIC_CGAN": 1.759740750150593,
        "SYNTHETIC_cBetaVAE": 4.760180286407069
    }
}