{
    "RNN_VAE": {
        "MIN": 2.1808296926788433,
        "AVG": 3.0533655448910992
    },
    "timeGAN": {
        "MIN": 5.774973532428352,
        "AVG": 6.902774528088393
    },
    "CGAN": {
        "MIN": 3.956530037335011,
        "AVG": 4.650134741035502
    },
    "cBetaVAE": {
        "MIN": 11.906904639417842,
        "AVG": 12.675934113603672
    }
}