{
    "MIN": {
        "SYNTHETIC_RNN_VAE": 2.1808296926788433,
        "SYNTHETIC_timeGAN": 5.774973532428352,
        "SYNTHETIC_CGAN": 3.956530037335011,
        "SYNTHETIC_cBetaVAE": 11.906904639417842
    },
    "AVG": {
        "SYNTHETIC_RNN_VAE": 3.0533655448910992,
        "SYNTHETIC_timeGAN": 6.902774528088393,
        "SYNTHETIC_CGAN": 4.650134741035502,
        "SYNTHETIC_cBetaVAE": 12.675934113603672
    }
}