{
    "RNN_VAE": {
        "MIN": 0.8114231865479652,
        "AVG": 0.8851060370857515
    },
    "timeGAN": {
        "MIN": 0.8573729296272105,
        "AVG": 0.884920103079323
    },
    "CGAN": {
        "MIN": 0.8611950522130991,
        "AVG": 0.9476576959268836
    },
    "cBetaVAE": {
        "MIN": 0.7892302766219059,
        "AVG": 0.9184599826895914
    }
}