{
    "MIN": {
        "SYNTHETIC_RNN_VAE": 0.8114231865479652,
        "SYNTHETIC_timeGAN": 0.8573729296272105,
        "SYNTHETIC_CGAN": 0.8611950522130991,
        "SYNTHETIC_cBetaVAE": 0.7892302766219059
    },
    "AVG": {
        "SYNTHETIC_RNN_VAE": 0.8851060370857515,
        "SYNTHETIC_timeGAN": 0.884920103079323,
        "SYNTHETIC_CGAN": 0.9476576959268836,
        "SYNTHETIC_cBetaVAE": 0.9184599826895914
    }
}