{
    "RNN_VAE": {
        "MIN": 0.45713605146544745,
        "AVG": 0.5071879898641354
    },
    "timeGAN": {
        "MIN": 0.5019749947598707,
        "AVG": 0.5796019758674305
    },
    "CGAN": {
        "MIN": 0.4365007674702133,
        "AVG": 0.6674375505168121
    },
    "cBetaVAE": {
        "MIN": 0.4603504069464101,
        "AVG": 0.5095988447796833
    }
}