{
    "MIN": {
        "SYNTHETIC_RNN_VAE": 0.45713605146544745,
        "SYNTHETIC_timeGAN": 0.5019749947598707,
        "SYNTHETIC_CGAN": 0.4365007674702133,
        "SYNTHETIC_cBetaVAE": 0.4603504069464101
    },
    "AVG": {
        "SYNTHETIC_RNN_VAE": 0.5071879898641354,
        "SYNTHETIC_timeGAN": 0.5796019758674305,
        "SYNTHETIC_CGAN": 0.6674375505168121,
        "SYNTHETIC_cBetaVAE": 0.5095988447796833
    }
}