{
    "RNN_VAE": {
        "MIN": 0.6315817444205394,
        "AVG": 0.8424739862656596
    },
    "timeGAN": {
        "MIN": 0.8528261084276899,
        "AVG": 0.9568523106820015
    },
    "CGAN": {
        "MIN": 0.6128079526296665,
        "AVG": 0.9240146788496156
    },
    "cBetaVAE": {
        "MIN": 0.8337993383996806,
        "AVG": 0.955775876840485
    }
}