{
    "MIN": {
        "SYNTHETIC_RNN_VAE": 0.6315817444205394,
        "SYNTHETIC_timeGAN": 0.8528261084276899,
        "SYNTHETIC_CGAN": 0.6128079526296665,
        "SYNTHETIC_cBetaVAE": 0.8337993383996806
    },
    "AVG": {
        "SYNTHETIC_RNN_VAE": 0.8424739862656596,
        "SYNTHETIC_timeGAN": 0.9568523106820015,
        "SYNTHETIC_CGAN": 0.9240146788496156,
        "SYNTHETIC_cBetaVAE": 0.955775876840485
    }
}