{
    "REAL_avg": 0.89,
    "SYNTHETIC_RNN_VAE": 0.6933333333333334,
    "SYNTHETIC_timeGAN": 0.73,
    "SYNTHETIC_CGAN": 0.71,
    "SYNTHETIC_cBetaVAE": 0.36000000000000004
}