{
    "RNN_VAE": {
        "MIN": 0.33708204853853496,
        "AVG": 0.7459601160014737
    },
    "timeGAN": {
        "MIN": 0.49139296550149975,
        "AVG": 0.7571481060853684
    },
    "CGAN": {
        "MIN": 0.6781955696832243,
        "AVG": 0.8280266695825755
    },
    "cBetaVAE": {
        "MIN": 0.41251807523312306,
        "AVG": 0.8321211184512933
    }
}