{
    "MIN": {
        "SYNTHETIC_RNN_VAE": 0.33708204853853496,
        "SYNTHETIC_timeGAN": 0.49139296550149975,
        "SYNTHETIC_CGAN": 0.6781955696832243,
        "SYNTHETIC_cBetaVAE": 0.41251807523312306
    },
    "AVG": {
        "SYNTHETIC_RNN_VAE": 0.7459601160014737,
        "SYNTHETIC_timeGAN": 0.7571481060853684,
        "SYNTHETIC_CGAN": 0.8280266695825755,
        "SYNTHETIC_cBetaVAE": 0.8321211184512933
    }
}