{
    "RNN_VAE": {
        "MIN": 0.7819115249155743,
        "AVG": 0.8654456940639902
    },
    "timeGAN": {
        "MIN": 0.8026439364068518,
        "AVG": 0.9053794268446886
    },
    "CGAN": {
        "MIN": 0.6275150948847594,
        "AVG": 0.8502270797441845
    },
    "cBetaVAE": {
        "MIN": 0.8587930877318734,
        "AVG": 0.9549247364003561
    }
}