{
    "MIN": {
        "SYNTHETIC_RNN_VAE": 0.7819115249155743,
        "SYNTHETIC_timeGAN": 0.8026439364068518,
        "SYNTHETIC_CGAN": 0.6275150948847594,
        "SYNTHETIC_cBetaVAE": 0.8587930877318734
    },
    "AVG": {
        "SYNTHETIC_RNN_VAE": 0.8654456940639902,
        "SYNTHETIC_timeGAN": 0.9053794268446886,
        "SYNTHETIC_CGAN": 0.8502270797441845,
        "SYNTHETIC_cBetaVAE": 0.9549247364003561
    }
}