{
    "RNN_VAE": {
        "MIN": 0.5958896238615816,
        "AVG": 0.7630074553716718
    },
    "timeGAN": {
        "MIN": 0.4988848529991726,
        "AVG": 0.7084138174128313
    },
    "CGAN": {
        "MIN": 0.4091845330661222,
        "AVG": 0.8509702803134556
    },
    "cBetaVAE": {
        "MIN": 0.586226939293238,
        "AVG": 0.771422739912454
    }
}