{
    "MIN": {
        "SYNTHETIC_RNN_VAE": 0.5958896238615816,
        "SYNTHETIC_timeGAN": 0.4988848529991726,
        "SYNTHETIC_CGAN": 0.4091845330661222,
        "SYNTHETIC_cBetaVAE": 0.586226939293238
    },
    "AVG": {
        "SYNTHETIC_RNN_VAE": 0.7630074553716718,
        "SYNTHETIC_timeGAN": 0.7084138174128313,
        "SYNTHETIC_CGAN": 0.8509702803134556,
        "SYNTHETIC_cBetaVAE": 0.771422739912454
    }
}