{
    "REAL": {
        "REAL": {
            "TSForest": {
                "Accuracy": 0.9630709426627794,
                "F1-Score": 0.9630709077858789,
                "AUC": 0.9630819620109705
            },
            "MultiROCKET": {
                "Accuracy": 0.9698736637512148,
                "F1-Score": 0.969871842701532,
                "AUC": 0.9698592411260709
            },
            "MiniROCKET": {
                "Accuracy": 0.9650145772594753,
                "F1-Score": 0.9650142798857609,
                "AUC": 0.9650142798857609
            }
        }
    },
    "RNN_VAE": {
        "SYNTHETIC": {
            "TSForest": {
                "Accuracy": 0.8707482993197279,
                "F1-Score": 0.8697960321454632,
                "AUC": 0.8710050319597442
            },
            "MultiROCKET": {
                "Accuracy": 0.8085519922254616,
                "F1-Score": 0.801344537815126,
                "AUC": 0.8080035359717122
            },
            "MiniROCKET": {
                "Accuracy": 0.9523809523809523,
                "F1-Score": 0.9523348556508356,
                "AUC": 0.9522983816129471
            }
        }
    },
    "timeGAN": {
        "SYNTHETIC": {
            "TSForest": {
                "Accuracy": 0.9193391642371235,
                "F1-Score": 0.9189853701846964,
                "AUC": 0.9195396436828505
            },
            "MultiROCKET": {
                "Accuracy": 0.8824101068999028,
                "F1-Score": 0.8821090445652411,
                "AUC": 0.882270275171132
            },
            "MiniROCKET": {
                "Accuracy": 0.8872691933916423,
                "F1-Score": 0.8867299297779465,
                "AUC": 0.8874779001767985
            }
        }
    },
    "CGAN": {
        "SYNTHETIC": {
            "TSForest": {
                "Accuracy": 0.5889212827988338,
                "F1-Score": 0.5820435041870835,
                "AUC": 0.5893002855977152
            },
            "MultiROCKET": {
                "Accuracy": 0.5636540330417882,
                "F1-Score": 0.5458025510580256,
                "AUC": 0.5642368194387778
            },
            "MiniROCKET": {
                "Accuracy": 0.5860058309037901,
                "F1-Score": 0.5644336248012718,
                "AUC": 0.5866596400562128
            }
        }
    },
    "cBetaVAE": {
        "SYNTHETIC": {
            "TSForest": {
                "Accuracy": 0.500485908649174,
                "F1-Score": 0.3335492227979275,
                "AUC": 0.499031007751938
            },
            "MultiROCKET": {
                "Accuracy": 0.5014577259475219,
                "F1-Score": 0.3339805825242718,
                "AUC": 0.5
            },
            "MiniROCKET": {
                "Accuracy": 0.5014577259475219,
                "F1-Score": 0.3339805825242718,
                "AUC": 0.5
            }
        }
    }
}