{
    "REAL_avg": 0.9659863945578232,
    "SYNTHETIC_RNN_VAE": 0.877227081308714,
    "SYNTHETIC_timeGAN": 0.8963394881762229,
    "SYNTHETIC_CGAN": 0.579527048914804,
    "SYNTHETIC_cBetaVAE": 0.5011337868480726
}