{
    "REAL": {
        "REAL": {
            "TSForest": {
                "Accuracy": 0.9708454810495627,
                "F1-Score": 0.9642857142857143,
                "AUC": 0.9766085619072034
            },
            "MultiROCKET": {
                "Accuracy": 0.9650145772594753,
                "F1-Score": 0.9563242784380306,
                "AUC": 0.9593480304195505
            },
            "MiniROCKET": {
                "Accuracy": 0.9825072886297376,
                "F1-Score": 0.9784385214986171,
                "AUC": 0.9879518072289157
            }
        }
    },
    "RNN_VAE": {
        "SYNTHETIC": {
            "TSForest": {
                "Accuracy": 0.9125364431486881,
                "F1-Score": 0.8953502562850866,
                "AUC": 0.9165812184909852
            },
            "MultiROCKET": {
                "Accuracy": 0.8542274052478134,
                "F1-Score": 0.8302114683985427,
                "AUC": 0.8598649918824233
            },
            "MiniROCKET": {
                "Accuracy": 0.9533527696793003,
                "F1-Score": 0.9425027239963122,
                "AUC": 0.9513159019054943
            }
        }
    },
    "timeGAN": {
        "SYNTHETIC": {
            "TSForest": {
                "Accuracy": 0.9212827988338192,
                "F1-Score": 0.9080784920942143,
                "AUC": 0.9424720157224644
            },
            "MultiROCKET": {
                "Accuracy": 0.9037900874635568,
                "F1-Score": 0.8832045236449186,
                "AUC": 0.8973126548748185
            },
            "MiniROCKET": {
                "Accuracy": 0.9650145772594753,
                "F1-Score": 0.9566042510121457,
                "AUC": 0.9626591472272068
            }
        }
    },
    "CGAN": {
        "SYNTHETIC": {
            "TSForest": {
                "Accuracy": 0.967930029154519,
                "F1-Score": 0.9595661912059412,
                "AUC": 0.9580449457404084
            },
            "MultiROCKET": {
                "Accuracy": 0.8425655976676385,
                "F1-Score": 0.7779775604142692,
                "AUC": 0.7524993591386824
            },
            "MiniROCKET": {
                "Accuracy": 0.9620991253644315,
                "F1-Score": 0.9518908129686573,
                "AUC": 0.947406647868068
            }
        }
    },
    "cBetaVAE": {
        "SYNTHETIC": {
            "TSForest": {
                "Accuracy": 0.8571428571428571,
                "F1-Score": 0.8356653271146832,
                "AUC": 0.8718063744339059
            },
            "MultiROCKET": {
                "Accuracy": 0.8658892128279884,
                "F1-Score": 0.8413059221113615,
                "AUC": 0.8645860035888233
            },
            "MiniROCKET": {
                "Accuracy": 0.8688046647230321,
                "F1-Score": 0.8498029484746752,
                "AUC": 0.8897718533709306
            }
        }
    }
}