{
    "REAL_avg": 0.9727891156462585,
    "SYNTHETIC_RNN_VAE": 0.9067055393586007,
    "SYNTHETIC_timeGAN": 0.9300291545189504,
    "SYNTHETIC_CGAN": 0.9241982507288631,
    "SYNTHETIC_cBetaVAE": 0.8639455782312925
}